LA,ESTAB,URN,PERCTOT,PPERSABS10
890,2001,140673,4.9,10.7
890,2002,141115,2.9,2.2
890,2003,141867,5.4,15.8
890,2004,142175,4.8,14.9
890,2201,144945,5,13.6
890,2207,138538,4.6,12.2
890,2208,119246,4.1,8
890,2209,138739,3.6,5.4
890,2211,140124,3.1,4.7
890,2220,138927,4.6,13.2
890,2221,138300,5,12.3
890,2222,137359,2.8,2.2
890,2824,143771,4.7,14.2
890,2829,138847,3.4,4.8
890,2834,131414,4.3,10.5
890,2835,133291,4,7.9
890,3192,119411,3.6,5.5
890,3619,141611,3.9,8.6
890,3620,119594,3.5,8.2
890,3621,119595,3.9,7.6
890,3622,119596,3.4,4.4
890,3624,119598,4.1,7.5
890,3626,119599,3.7,8
890,3629,119600,3.6,6.1
890,3631,141288,3.5,2.9
890,3812,119691,4.3,8.7
890,3813,119692,3.7,7.9
890,3814,140128,4,8.4
890,3815,134967,3.4,6.5
890,3816,131070,4.2,9.2
890,4000,139675,5.8,17.6
890,4001,140021,11.2,35.6
890,4002,141132,6.6,20.1
890,4003,142469,6.8,18.3
890,4057,137973,6,15.9
890,4405,140759,5.5,11.8
890,4601,141257,5.2,12.5
890,6002,140200,3.9,7.9
890,7019,140143,4.6,12.4
890,7020,119868,11,37
890,7025,119871,7.1,20
890,PRI,,4,8.6
890,SEC,,6.5,18
890,SPE,,6,17.3
NAT,PRI,,4.2,8.7
NAT,SEC,,5.5,13.9
NAT,SPE,,10.2,29.6